,model,acc,mcc,prs,rcl,F1,jac,loss
0,SVM,0.47643979057591623,0.23309795832484898,0.4589548937375025,0.469595810275911,0.4000633248857936,0.2706088116385857,0.5235602094240838
1,XGBT,0.5916230366492147,0.3854987280822417,0.5862730264904178,0.5859056917324469,0.5848873632358509,0.41671460587974446,0.4083769633507853
2,Cat,0.5968586387434555,0.395779417466495,0.5893542850064589,0.5985442717069956,0.5861089689847009,0.4175966889192377,0.4031413612565445
3,Tuned,0.6509598603839442,0.47853439869833125,0.6481680557767514,0.6511292761292761,0.644930978175681,0.4785852321085235,0.34904013961605584
